beneficiary, lockup contract
0x015B0C78F524a861aA94220D924689E52B74DEbF,0xd85C9A11721367BA1449E9D21e67c8CC7Bf7ac19
0x6DB2bE71E3c4793863e7d450fC8fE852BFB9569f,0x56A76e28DB82C2b3F79CBA45C19C95654E4b69F1
0x0c2753F317Ce4E9258fFF7910a43E88391850785,0xd005c32b5F62F0b6dd57b5018de8fF4Bc867E943
0x278947B660e88490F546E469768398c5617dD6F5,0x9C4B582992052D5794c404dB68b288A9E86d9BC9
0x193fcf461EF0D84ad3F11995E80BC7A3499113a8,0xf1C38B8ccaFc54F05F796672271Cf8df7548049e
0x564cded1A54859291e153F08EF2d4907049E309C,0xFFB50917563b900344ECC8ADA45c82B32a577399
0x27e6ea02FbA699Ae17c41A1Dceb308A4E797fE39,0xC64B20C5a169DFc20432bbC7510D29Bb28b6027d
0xD9E1A44c5f8019C70789903c7B10C0fC70B68D4d,0x6B32C71eA2b64871A54bC97f0416ac71f300BB3f
0x079bAf1161f200c1d8aB6e0dde521e06D40C44BE,0xD0432103ad3B43d727d764e078Ba9CA7344DDCde
0x334C69f3546E071313f1eB94Abd57c6EC43EaEfA,0x6e33E22408e15d4623F8Ddd194e968272F84467c
0xcAb587559f06C955F25f6ae6FC3B2bae04636a8d,0xA44C1fd6b632ee915138f88Da1173a4715c16C62
0x1BC5917f774f336d4A7Fe8484D835e2610826b3C,0xF965d55C3689eab646e428bB56BCa3AC6B8ABAAB
0x0ee017E4C9f295311FDAfAa129BaEd0c1620633A,0xF2227f0c27929139Ace55E45569FAE2f963d6A44
0x48A2947139eFFb2d006EB64780cc697E1D672a47,0x0d93b769E7D1DfBC28a126F2D354dF3f230dD29d
0x743443F1783F6C31F256314b199D38F1A4710098,0x1Eb4465A46C693D246C21C798FE420b965388079
0x0Cd9f797a2e0DFC40bb50350D122413F50CA7950,0x3A788982C284D99EE69Ef91b11C92a342bC40c23
0xcf47cc259b39f338182F4BE1a8b8933c54fAb545,0x59321173C60c834C916f8B9Ff497383276b59Cf3
0x30FE96aA71f887f62c3D61b62beDa5c8d39362dE,0x5974E74240fe5c7c99a315F9dC7f0366e803088e
0x1529c477F2A4A572F2e2ED7Ef2A38bAf420AAa04,0xb43b1De150d27aF1918F8856Aa8f026dB95eFE53
0x881349522B302708652791c2Dee01B34A605702a,0xa57aFf3Ff4763b2C1D9bA3D8ccD4eA400687476b
0xb00DAc7904355E5F976216da30087d4c62777f44,0x933729B9Fdfd85bE070A0D828ac1E5e83911e1C5
0xABAb94C6a27297d889783CBB973Ae3b7f366385E,0x60C130d1d95084B820a848AAd073c7e70E11C17E
0x428D3ebACfe19a33B6265C20FFffb25cEB45df0A,0x105e7A45a089D1ecfADab2Ce089cEc3F6373c3D5
0x766017E0876fdE3ec41A95dcbAEB180EC2607718,0x8599DD6be9AC0BBBfD60776a2E3E1F1A28202E0E
0xbC5F17fD5AE31d48843EAA9CF6E42B76A75f8E85,0x27a392EC89a839E8eDB90244bE92DB56d4875dB0
0xFd67d1f84c38E5b607A413C70E820834a0d9A217,0xa34AD7751f5010498B2Af56844701deB334797cA
0x0a08e424450451dd415a2699f1622f5834e0C7d0,0x91b7D40b9215dF445E6C171DE016708e416630b0
0x113eEF02A6Bb82998F0e26E20a72B1220AfcA0f9,0x86A35AA9A173C29269074B11c6F6A8f5D778eD12
0x1e5aFc631efDeC76514CBAbC921228327414C3a1,0x48457B805F8Ec0213F5432489A281318069223FD
0xAD5d26a471d7b27b3b4d555a9E545b7567b0c4B4,0xd8dA049273e7FacD56C36464Ff769FC3678BbA4D
0x1682E05e884C41b8Dc45021Fd7523e6e61CD8c46,0x64ee522B542cE873A900CAf1f801965D2773b2e7
0x91468e7066b9DcEb726ADDdac6D708b3453a142d,0x8480157A71EA5149abd9E10593967Eb414B8C3dB
0xB2e185bFddb874Ef1AabC04a7FCB6b0dDBA44345,0x70483473D714e23D6C03b0aa52f98Ec30A81bF94
0x17123d273B24615E2643fbBC273F613789a64d31,0x39cDed9791A701B120747b292706CF501FEC1452
0x90a478BfF9b1e7f23e6b6c6d1eE6a0F574eEDB01,0xb7EF86682Fc325605E1d044c4717e2954544413E